# name, mass, mass_error_min, mass_error_max, radius, radius_error_min, radius_error_max, orbital_period, orbital_period_err_min, orbital_period_err_max, semi_major_axis, semi_major_axis_error_min, semi_major_axis_error_max, eccentricity, eccentricity_error_min, eccentricity_error_max, angular_distance, inclination, inclination_error_min, inclination_error_max, tzero_tr, tzero_tr_error_min, tzero_tr_error_max, tzero_tr_sec, tzero_tr_sec_error_min, tzero_tr_sec_error_max, lambda_angle, lambda_angle_error_min, lambda_angle_error_max, impact_parameter, impact_parameter_error_min, impact_parameter_error_max, tzero_vr, tzero_vr_error_min, tzero_vr_error_max, K, K_error_min, K_error_max, temp_calculated, temp_measured, hot_point_lon, albedo, albedo_error_min, albedo_error_max, log_g, publication_status, discovered, updated, omega, omega_error_min, omega_error_max, tperi, tperi_error_min, tperi_error_max, detection_type, mass_detection_type, radius_detection_type, alternate_names, molecules, star_name, ra, dec, mag_v, mag_i, mag_j, mag_h, mag_k, star_distance, star_metallicity, star_mass, star_radius, star_sp_type, star_age, star_teff, star_detected_disc, star_magnetic_field
11 Uma b,3.72,0.82,0.82,,,,651.9,7.1,7.1,1.56,0.07,0.07,0.7,0.07,0.07,0.049367,,,,,,,,,,,,,,,,,,,,,,,,,,,,,1,2008,2010-11-26,6.24,8.9,8.9,53469.3,5.0,5.0,Controversial,,,,,11 Uma,137.0958333,66.8733333,5.16,,,,,31.6,-0.245,1.81,36.3,K5III,,4090.0,,
14 Her c,2.1,,,,,,6906.0,70.0,70.0,6.9,,,0.0,,,0.381215,,,,,,,,,,,,,,,,,,,,,,,,,,,,,2,,2006-09-06,218.0,,,9100.0,,,Controversial,,,,,14 Her,242.5958333,43.8216667,6.67,,,,,18.1,0.43,0.9,0.708,K0 V,5.1,5311.0,,
19b1-02162 b,,,,1.97,,,0.59862739,,,,,,,,,,,,,2454317.7883529,,,,,,,,,,,,,,,,,,,,,,,,,1,2013,2013-10-11,,,,,,,Controversial,,,,,19b1-02162,293.0112,36.4848,17.0,,,,,2188.0,,0.95,1.12,G8,,5500.0,,
1SWASPJ115718.66+261906.1 b,,,,1.55,,,1.226804,0.000128,0.000128,,,,,,,,,,,3128.1643,,,,,,,,,,,,,,,,,,,,,,,,,1,2007,2007-11-19,,,,,,,Controversial,,,,,1SWASPJ115718.66+261906.1,179.3291667,26.3183333,11.12,,10.22,10.1,10.06,,,,1.32,,,,,
1SWASPJ130322.00+350525.4 b,,,,1.06,,,2.674207,0.000203,0.000203,,,,,,,,,,,3127.3608,,,,,,,,,,,,,,,,,,,,,,,,,1,2007,2007-11-19,,,,,,,Controversial,,,,,1SWASPJ130322.00+350525.4,195.8416667,35.0902778,10.89,,9.5,9.22,9.12,,,,1.12,,,,,
1SWASPJ152131.01+213521.3 b,,,,1.62,,,1.338018,4.1e-05,4.1e-05,,,,,,,,,,,3127.7908,,,,,,,,,,,,,,,,,,,,,,,,,1,2007,2007-11-19,,,,,,,Controversial,,,,,1SWASPJ152131.01+213521.3,230.3791667,21.5891667,12.19,,11.53,11.29,10.83,,,,1.19,,,,,
1SWASPJ160242.43+290850.1 b,,,,1.53,,,1.304693,1.4e-05,1.4e-05,,,,,,,,,,,3127.2471,,,,,,,,,,,,,,,,,,,,,,,,,1,2007,2007-11-19,,,,,,,Controversial,,,,,1SWASPJ160242.43+290850.1,240.675,29.1472222,12.42,,11.32,10.94,10.43,,,,0.91,,,,,
1SWASPJ161732.90+242119.0 b,,,,0.76,,,1.453738,3e-05,3e-05,,,,,,,,,,,3127.6799,,,,,,,,,,,,,,,,,,,,,,,,,1,2007,2007-11-19,,,,,,,Controversial,,,,,1SWASPJ161732.90+242119.0,244.3875,24.3552778,11.96,,9.85,9.47,9.35,,,,0.77,,,,,
AB Aur b,20.0,15.0,17.0,,,,,,,102.0,,,,,,0.708333,,,,,,,,,,,,,,,,,,,,,,,,,,,,,1,2008,2011-02-12,,,,,,,Controversial,,,,,AB Aur,73.9416667,30.5511111,7.06,,,,,144.0,,2.4,,A0V,2.0,,,
Aldebaran b,9.5,,,,,,629.9,,,2.0,,,0.18,0.07,0.07,0.1,,,,,,,,,,,,,,,,,,,,,,,,,,,,,1,1998,2010-12-20,290.0,5.0,5.0,2447625.4,8.0,8.0,Controversial,,,,,Aldebaran,68.9791667,16.5091667,0.85,,,,,20.0,,2.5,,K5III,,,,
Anon-1 b,0.3,,,,,,1.3381,,,0.024,,,0.0,,,,,,,,,,,,,,,,,,,,,,,,,,,,,,,,1,,2006-03-17,,,,,,,Controversial,,,,,Anon-1,0.0,0.0,,,,,,,,,,G0,,,,
BD+20 1790 b,6.54,0.57,0.57,,,,7.7834,0.0004,0.0004,0.066,0.001,0.001,0.05,0.02,0.02,0.002598,,,,,,,,,,,,,,,,,,,,,,,,,,,,,3,2009,2010-03-22,200.4,21.8,21.8,3085.8,0.5,0.5,Controversial,,,,,BD+20 1790,110.9333333,20.4141667,9.93,,,,,25.4,0.3,0.63,0.71,K5V,0.057,4410.0,,
BD+20 274 b,,,,,,,,,,1.8,,,,,,,,,,,,,,,,,,,,,,,,,,,,,,,,,,,3,2010,2010-11-17,,,,,,,Controversial,,,,,BD+20 274,25.9208333,21.005,9.36,,,,,,-0.46,0.8,17.3,K5,,4296.0,,
BD+48 740b,1.6,,,,,,771.3,7.4,7.4,1.89,,,,,,,,,,,,,,,,,,,,,,,,,,,,,,,,,,,1,2012,2012-09-03,,,,2455925.32,6.8,6.8,Controversial,,,,,BD+48 740,40.7416667,48.93,8.7,,,,,735.0,-0.13,1.5,11.4,K2,,4534.0,,
BD-114672 b,0.6,,,,,,1700.0,200.0,200.0,2.5,,,0.0,,,0.091575,,,,,,,,,,,,,,,,,,,,,,,,,,,,,1,2010,2010-12-20,,,,,,,Controversial,,,,,BD-114672,0.0,0.0,10.02,,,,,27.3,-0.47,0.7,0.7,K7V,4.0,4594.0,,
BOKS-45069 b,,,,1.43,0.04,0.04,18.6929,5e-05,5e-05,,,,0.0,,,,89.7,0.3,0.3,2454976.8324,0.0004,0.0004,,,,,,,,,,,,,,,,,,,,,,,1,2010,2011-05-26,,,,,,,Controversial,,,,,BOKS-45069,295.0333333,46.6002778,,,,,,800.0,-0.51,0.79,0.72,K0V,,4967.0,,
Candidate 1 b,0.02,,,,,,18.1,,,,,,,,,,,,,,,,,,,,,,,,,,,,,,,,,,,,,,1,2010,2010-11-04,,,,,,,Controversial,,,,,Candidate 1,0.0,0.0,,,,,,,,,,,,,,
Candidate 10 b,0.145,,,,,,338.0,,,,,,,,,,,,,,,,,,,,,,,,,,,,,,,,,,,,,,1,2010,2010-11-04,,,,,,,Controversial,,,,,Candidate 10,0.0,0.0,,,,,,,,,,,,,,
Candidate 11 b,0.195,,,,,,1219.0,,,,,,,,,,,,,,,,,,,,,,,,,,,,,,,,,,,,,,1,2010,2010-11-04,,,,,,,Controversial,,,,,Candidate 11,0.0,0.0,,,,,,,,,,,,,,
Candidate 12 b,0.296,,,,,,1697.0,,,,,,,,,,,,,,,,,,,,,,,,,,,,,,,,,,,,,,1,,2010-11-04,,,,,,,Controversial,,,,,Candidate 12,0.0,0.0,,,,,,,,,,,,,,
Candidate 2 b,0.023,,,,,,15.3,,,,,,,,,,,,,,,,,,,,,,,,,,,,,,,,,,,,,,1,2010,2010-11-04,,,,,,,Controversial,,,,,Candidate 2,0.0,0.0,,,,,,,,,,,,,,
Candidate 4 b,0.028,,,,,,13.7,,,,,,,,,,,,,,,,,,,,,,,,,,,,,,,,,,,,,,1,2010,2010-11-04,,,,,,,Controversial,,,,,Candidate 4,0.0,0.0,,,,,,,,,,,,,,
Candidate 5 b,0.038,,,,,,15.0,,,,,,,,,,,,,,,,,,,,,,,,,,,,,,,,,,,,,,1,2010,2010-11-04,,,,,,,Controversial,,,,,Candidate 5,0.0,0.0,,,,,,,,,,,,,,
Candidate 6 b,0.047,,,,,,67.0,,,,,,,,,,,,,,,,,,,,,,,,,,,,,,,,,,,,,,1,2010,2010-11-04,,,,,,,Controversial,,,,,Candidate 6,0.0,0.0,,,,,,,,,,,,,,
Candidate 8 b,0.1,,,,,,71.0,,,,,,,,,,,,,,,,,,,,,,,,,,,,,,,,,,,,,,1,2010,2010-11-04,,,,,,,Controversial,,,,,Candidate 8,0.0,0.0,,,,,,,,,,,,,,
Candidate 9 b,0.11,,,,,,777.0,,,,,,,,,,,,,,,,,,,,,,,,,,,,,,,,,,,,,,1,2010,2010-11-04,,,,,,,Controversial,,,,,Candidate 9,0.0,0.0,,,,,,,,,,,,,,
ChaHa8 b,25.0,7.0,7.0,,,,1895.0,132.0,132.0,1.02,0.06,0.06,0.59,0.22,0.22,0.006375,,,,,,,,,,,,,,,,,,,,,,,,,,,,,1,2007,2010-06-15,106.0,26.0,26.0,3163.0,214.0,214.0,Controversial,,,,,ChaHa8,166.95,-77.6688889,20.1,,,,,160.0,,0.085,,M6.5,0.003,2967.0,,
CoRoT-102636650 b,3.0,,,,,,8.1,,,,,,,,,,,,,,,,,,,,,,,,,,,,,,,,,,,,,,1,2007,2008-02-19,,,,,,,Controversial,,,,,CoRoT-102636650,100.575,-1.4016667,15.16,,,,,,,0.9,,KOV,,,,
CoRoT-102638570 b,2.1,,,,,,6.5,,,,,,,,,,,,,,,,,,,,,,,,,,,,,,,,,,,,,,1,2007,2008-02-19,,,,,,,Controversial,,,,,CoRoT-102638570,100.5875,-1.1966667,12.27,,,,,,,2.2,,K4III,,,,
CoRoT-102638956 b,1.0,,,,,,9.4,,,,,,,,,,,,,,,,,,,,,,,,,,,,,,,,,,,,,,1,2007,2008-02-19,,,,,,,Controversial,,,,,CoRoT-102638956,100.5916667,0.5308333,13.52,,,,,,,1.0,,G2V,,,,
CoRoT-102664207 b,9.4,,,,,,11.2,,,,,,,,,,,,,,,,,,,,,,,,,,,,,,,,,,,,,,1,2007,2008-02-19,,,,,,,Controversial,,,,,CoRoT-102664207,100.725,-1.3438889,15.5,,,,,,,1.2,,F6V,,,,
CoRoT-102666192 b,3.4,,,,,,4.5,,,,,,,,,,,,,,,,,,,,,,,,,,,,,,,,,,,,,,1,2007,2008-02-19,,,,,,,Controversial,,,,,CoRoT-102666192,100.7375,0.3227778,14.62,,,,,,,1.3,,G2V,,,,
CoRoT-102706026 b,8.7,,,,,,18.0,,,,,,,,,,,,,,,,,,,,,,,,,,,,,,,,,,,,,,1,2007,2008-02-19,,,,,,,Controversial,,,,,CoRoT-102706026,0.0,0.0,,,,,,,,1.2,,,,,,
CoRoT-102706986 b,10.2,,,,,,11.2,,,,,,,,,,,,,,,,,,,,,,,,,,,,,,,,,,,,,,1,2007,2008-02-19,,,,,,,Controversial,,,,,CoRoT-102706986,100.9458333,0.3972222,14.04,,,,,,,1.2,,G2V,,,,
CoRoT-102719528 b,4.0,,,,,,10.5,,,,,,,,,,,,,,,,,,,,,,,,,,,,,,,,,,,,,,1,2007,2008-02-19,,,,,,,Controversial,,,,,CoRoT-102719528,101.0166667,0.6088889,15.9,,,,,,,1.6,,G0III,,,,
CoRoT-102747456 b,1.8,,,,,,5.8,,,,,,,,,,,,,,,,,,,,,,,,,,,,,,,,,,,,,,1,2007,2008-02-19,,,,,,,Controversial,,,,,CoRoT-102747456,101.1791667,-1.3705556,11.9,,,,,,,2.2,,K4III,,,,
CoRoT-7 d,0.052,0.001,0.001,,,,9.021,0.019,0.019,0.08,,,0.0,,,0.000533,,,,,,,,,,,,,,,,,,,,,,,,,,,,,1,2010,2014-07-08,,,,2454446.16,0.09,0.09,Controversial,,,,,CoRoT-7,100.9541667,-1.0627778,11.7,,,,,150.0,0.03,0.93,0.87,K0V,1.5,5313.0,,
DQ Her(ab) c,20.0,,,,,,6460.0,110.0,110.0,6.49,0.95,0.95,0.0,,,0.03245,86.5,,,,,,,,,,,,,,,,,,,,,,,,,,,,1,2009,2011-02-09,,,,,,,Controversial,,,,,DQ Her(ab),271.875,45.8591667,15.16,,,,,200.0,,1.0,,Nova,,,,
EX Lup b,14.7,0.7,0.7,,,,7.417,0.001,0.001,0.063,0.005,0.005,0.23,0.05,0.05,,,,,,,,,,,,,,,,,,,,,,,,,,,,,,1,2013,2013-11-19,96.8,11.4,11.4,2455405.112,0.224,0.224,Controversial,,,,,EX Lup,240.770833335,-39.693055544,8.5,,,,,155.0,0.0,0.6,1.6,M0,,3750.0,,
GD 66 b,2.11,0.14,0.14,,,,1650.0,77.0,77.0,2.356,0.081,0.081,0.0,,,0.046196,,,,,,,,,,,,,,,,2452938.8846146,2.8e-06,2.8e-06,,,,,,,,,,,1,2007,2008-01-25,,,,,,,Controversial,,,,,GD 66,80.1583333,30.8066667,15.6,,,,,51.0,,0.64,,DA,,11980.0,,
GJ 176 c,0.044,,,,,,40.0,0.11,0.11,0.18,,,0.0,,,0.019108,,,,,,,,,,,,,,,,2454291.07,0.31,0.31,,,,,,,,,,,1,2009,2010-12-17,,,,,,,Controversial,,,,,GJ 176,70.7333333,18.9580556,9.97,,6.462,5.824,5.607,9.42,-0.1,0.49,0.53,M2.5V,,,,
GJ 436 c,0.0009,0.0002,0.0002,0.059,0.0036,0.0036,1.365862,8e-06,8e-06,0.0185,,,,,,,86.7,,,245772.8086,0.0016,0.0016,,,,,,,,,,,,,,,,,,,,,,,1,2012,2012-09-03,,,,,,,Controversial,,,,,GJ 436,175.5458333,26.7063889,10.68,,,,,10.2,-0.32,0.452,0.464,M2.5,6.0,3684.0,,
GJ 436 d,0.00085,0.0002,0.0002,0.058,0.005,0.005,,,,,,,,,,,,,,2455225.026,0.003,0.003,,,,,,,,,,,,,,,,,,,,,,,1,2012,2012-09-03,,,,,,,Controversial,,,,,GJ 436,175.5458333,26.7063889,10.68,,,,,10.2,-0.32,0.452,0.464,M2.5,6.0,3684.0,,
GJ 667C h,0.0035,0.0028,0.0031,,,,16.946,0.05,0.07,0.0893,0.0093,0.0084,0.06,0.6,0.32,,,,,,,,,,,,,,,,,,,,,,,,,,,,,,1,2013,2014-05-25,115.0,360.0,360.0,,,,Controversial,,,,,GJ 667C,259.7375,-34.9897222,10.22,,,,,6.84,-0.55,0.33,,M1.5V,2.0,3600.0,,
Gj 758 b,20.0,10.0,20.0,,,,106000.0,44000.0,44000.0,54.5,20.6,20.6,0.69,0.2,0.2,3.516129,46.5,20.0,20.0,,,,,,,,,,,,,,,,,,,,,,,,,,1,2009,2009-12-04,,,,,,,Controversial,,,,,Gj 758,290.8916667,33.2219444,6.36,,,,,15.5,0.18,0.97,0.88,G9,,,,
Gl 581 d,0.019,,,,,,66.64,0.08,0.08,0.22,,,0.205,0.08,0.08,0.035427,,,,,,,,,,,,,,,,,,,,,,,,,,,,,1,2007,2014-08-30,2.0,23.0,23.0,245141.6407,4.19,4.19,Controversial,,,,,Gl 581,229.8583333,-7.7222222,10.55,,,,,6.21,-0.135,0.31,0.3,M2.5V,8.0,3498.0,,
Gl 581 f,0.023,,,,,,433.0,13.0,13.0,0.758,0.015,0.015,,,,0.122061,,,,,,,,,,,,,,,,,,,,,,,,,,,,,2,2010,2014-04-18,,,,,,,Controversial,,,,,Gl 581,229.8583333,-7.7222222,10.55,,,,,6.21,-0.135,0.31,0.3,M2.5V,8.0,3498.0,,
Gl 581 g,0.01,,,,,,36.652,0.052,0.052,0.14601,0.00014,0.00014,,,,0.023512,,,,,,,,,,,,,,,,,,,,,,,,,,,,,2,2010,2014-04-18,,,,,,,Controversial,,,,,Gl 581,229.8583333,-7.7222222,10.55,,,,,6.21,-0.135,0.31,0.3,M2.5V,8.0,3498.0,,
Gliese 22 B b,16.0,,,,,,5500.0,0.0,0.0,,,,0.0,,,,,,,,,,,,,,,,,,,,,,,,,,,,,,,,1,2008,2008-02-02,,,,,,,Controversial,,,,,Gliese 22 B,8.1125,67.2358333,10.38,,,,,10.0,,,,M2.5V,,,,
Gliese 876 f,0.025,0.001,0.001,,,,10.01,0.02,0.02,,,,0.09,0.046,0.046,,,,,,,,,,,,,,,,,,,,,,,,,,,,,,1,2014,2014-04-01,88.0,10.5,10.5,,,,Controversial,,,,,Gliese 876,343.3041667,-14.2536111,10.17,,,,,4.7,0.05,0.334,0.36,M4 V,2.5,3350.0,,
Gliese 876 g,0.118,0.002,0.002,,,,15.04,0.04,0.04,,,,0.007,0.004,0.004,,,,,,,,,,,,,,,,,,,,,,,,,,,,,,1,2014,2014-04-01,78.3,10.3,10.3,,,,Controversial,,,,,Gliese 876,343.3041667,-14.2536111,10.17,,,,,4.7,0.05,0.334,0.36,M4 V,2.5,3350.0,,
HAT-P-13 d,0.016,,,,,,4.37,,,0.056,,,0.0,,,0.000262,,,,,,,,,,,,,,,,,,,,,,,,,,,,,1,2011,2011-05-25,,,,,,,Controversial,,,,,HAT-P-13,129.8833333,47.3519444,10.62,,,,,214.0,0.43,1.22,1.56,G4,5.0,5638.0,,
HAT-P-31 c,3.4,nan,inf,,,,1000.0,nan,inf,,,,,,,,,,,,,,,,,,,,,,,,,,,,,,,,,,,,1,2011,2011-06-08,,,,,,,Controversial,,,,,HAT-P-31,271.5375,26.4266667,11.66,,,,,354.0,0.15,1.218,1.36,,3.17,6065.0,,
HD 100546 b,60.0,20.0,40.0,,,,,,,6.5,inf,inf,,,,0.062863,,,,,,,,,,,,,,,,,,,,,,,,,,,,,1,2005,2013-06-19,,,,,,,Controversial,,,,,HD 100546,173.3541667,-70.1947222,6.7,,,,,103.4,,,,B9Vne,0.01,,,
HD 10180 b,0.00424755,,,,,,1.17768,0.0001,0.0001,0.02225,0.00035,0.00035,0.0,,,0.000565,,,,,,,,,,,,,,,,,,,,,,,,,,,,,1,2010,2012-01-31,,,,,,,Controversial,,,,,HD 10180,24.475,-60.5116667,7.33,,,,,39.4,0.08,1.06,,G1V,4.3,5911.0,,
HD 10180 i,0.006,0.0057,0.005,,,,9.655,0.072,0.072,0.0904,0.0047,0.0047,0.05,0.05,0.05,0.002294,,,,,,,,,,,,,,,,,,,,,,,,,,,,,1,2012,2012-04-06,137.0,,,,,,Controversial,,,,,HD 10180,24.475,-60.5116667,7.33,,,,,39.4,0.08,1.06,,G1V,4.3,5911.0,,
HD 10180 j,0.016,0.01,0.0186,,,,67.55,0.88,0.88,0.33,0.016,0.016,0.07,0.07,0.07,0.008376,,,,,,,,,,,,,,,,,,,,,,,,,,,,,1,2012,2012-04-06,91.0,,,,,,Controversial,,,,,HD 10180,24.475,-60.5116667,7.33,,,,,39.4,0.08,1.06,,G1V,4.3,5911.0,,
HD 104304 b,83.0,,,,,,17715.0,,,10.4,,,0.29,,,0.806202,35.0,,,,,,,,,,,,,,,,,,,,,,,,,,,,1,2007,2010-05-05,,,,,,,Controversial,,,,,HD 104304,180.1833333,-10.4461111,5.54,,4.56,4.07,4.03,12.9,,,,G9,,,,
HD 107094 b,4.5,,,,,,1870.0,34.0,34.0,2.76,,,0.13,0.02,0.02,0.050457,,,,,,,,,,,,,,,,,,,,,,,,,,,,,1,2010,2010-11-10,46.0,3.0,3.0,2454765.0,29.0,29.0,Controversial,,,,,HD 107094,184.7333333,-45.8816667,9.15,,,,,54.7,,,,G5V,,,,
HD 111031 b,2.87,,,,,,5986.0,,,,,,0.32,,,,,,,,,,,,,,,,,,,,,,,,,,,,,,,,1,2007,2007-10-06,,,,,,,Controversial,,,,,HD 111031,191.6291667,-11.8125,6.87,,5.74,5.41,5.33,30.0,,,,G5,,,,
HD 1160 b,33.0,9.0,12.0,,,,,,,80.0,0.0,0.0,,,,0.772947,,,,,,,,,,,,,,,,,,,,,,,,,,,,,1,,2012-04-14,,,,,,,Controversial,,,,,HD 1160,3.9875,4.2511111,7.12,,,,,103.5,-0.3,,,A0V,0.05,,,
HD 131664 b,18.15,0.35,0.35,,,,1951.0,41.0,41.0,3.17,0.03,0.03,0.638,0.02,0.02,0.057189,167.1,18.2,18.2,,,,,,,,,,,,,,,,,,,,,,,,,,1,2008,2014-08-27,149.7,1.0,1.0,2452060.0,41.0,41.0,Controversial,,,,,HD 131664,225.025,-73.5352778,8.13,,,,,55.43,0.32,1.1,1.16,G3V,2.4,5886.0,,
HD 136118 b,42.0,18.0,11.0,,,,1209.0,24.0,24.0,1.45,0.25,0.25,0.352,0.006,0.006,0.027725,163.1,3.0,3.0,,,,,,,,,,,,,,,,,,,,,,,,,,1,2002,2010-05-01,316.4,0.6,0.6,2450610.5,3.7,3.7,Controversial,,,,,HD 136118,229.7291667,-1.5922222,6.94,,,,,52.3,-0.065,1.24,1.74,F9 V,4.26,6095.0,,
HD 142 d,0.3,0.15,0.15,,,,108.4,0.7,0.7,0.47,0.2,0.2,0.12,0.12,0.12,0.022816,,,,,,,,,,,,,,,,,,,,,,,,,,,,,1,2012,2012-05-15,270.0,270.0,270.0,,,,Controversial,,,,,HD 142,1.5791667,-49.075,5.7,,,,,20.6,0.04,1.1,0.86,G1 IV,5.93,6180.0,,
HD 1461 d,0.3,0.3,3.0,,,,5000.0,5000.0,5000.0,5.0,5.0,5.0,0.16,0.29,0.29,0.213675,,,,,,,,,,,,,,,,,,,,,,,,,,,,,1,2009,2009-12-15,326.0,79.0,79.0,2450366.936,,,Controversial,,,,,HD 1461,4.675,-8.0530556,6.64,,,,,23.4,0.19,1.08,1.095,G0V,6.3,5765.0,,
HD 1461 e,0.072,0.03,0.03,,,,454.0,4.0,4.0,1.165,0.008,0.008,0.74,0.13,0.13,0.049786,,,,,,,,,,,,,,,,,,,,,,,,,,,,,1,2009,2011-09-12,87.0,28.0,28.0,2450366.936,,,Controversial,,,,,HD 1461,4.675,-8.0530556,6.64,,,,,23.4,0.19,1.08,1.095,G0V,6.3,5765.0,,
HD 149382 b,15.5,7.5,7.5,,,,2.391,0.002,0.002,0.0256,0.0026,0.0026,0.0,,,0.000346,39.0,13.0,13.0,,,,,,,,,,,,,2453932.20689,,,,,,,,,,,,,1,2009,2011-10-10,,,,,,,Controversial,,,,,HD 149382,248.5958333,-4.0144444,8.95,,,,,74.0,,0.41,,B5 D,,35500.0,,
HD 156846 b,10.45,0.05,0.05,,,,359.5546,0.0071,0.0071,1.096,0.021,0.021,0.84785,0.0005,0.0005,0.022367,177.3,175.3,175.3,,,,,,,,,,,,,,,,,,,,,,,,,,1,2007,2011-03-28,51.62,0.16,0.16,3998.09,0.05,0.05,Controversial,,,,,HD 156846,260.1416667,-19.3336111,6.51,,,,,49.0,0.22,1.43,,G0V,2.1,6138.0,,
HD 16760 b,280.0,40.0,40.0,,,,465.1,2.3,2.3,1.13,0.03,0.03,0.067,0.1,0.1,0.0226,2.6,0.5,0.5,,,,,,,,,,,,,,,,,,,,,,,,,,1,2009,2011-09-28,128.0,10.0,10.0,2454723.0,12.0,12.0,Controversial,,,,,HD 16760,40.5875,38.6186111,8.74,,,,,50.0,-0.02,0.88,,G5V,,5620.0,,
HD 167677 b,1.36,0.12,0.12,,,,1814.0,100.0,100.0,2.9,0.12,0.12,0.17,0.07,0.07,0.083333,,,,,,,,,,,,,,,,,,,,,,,,,,,,,1,2010,2010-12-20,-80.0,24.0,24.0,55656.0,123.0,123.0,Controversial,,,,,HD 167677,274.2083333,-11.4058333,7.9,,,,,34.8,-0.29,0.96,1.7,G5V,11.0,5474.0,,
HD 17028 b,,,,,,,,,,1.8,,,,,,0.002338,,,,,,,,,,,,,,,,,,,,,,,,,,,,,3,2010,2010-11-17,,,,,,,Controversial,,,,,HD 17028,41.4291667,48.9583333,,,,,,770.0,,1.5,,K0,,,,
HD 17156 c,0.063,0.007,0.007,,,,111.314,3.0,3.0,0.481,0.001,0.001,0.136,0.005,0.005,0.006148,,,,,,,,,,,,,,,,,,,,,,,,,,,,,2,2008,2008-04-28,,,,,,,Controversial,,,,,HD 17156,42.4333333,71.7533333,8.17,,,,,78.24,0.24,1.275,1.508,G0,3.38,6079.0,,
HD 180777 b,25.0,,,,,,28.44,,,0.22,,,0.2,0.01,0.01,0.008059,,,,,,,,,,,,,,,,,,,,,,,,,,,,,1,2006,2011-08-10,56.0,4.0,4.0,2453244.3,0.3,0.3,Controversial,,,,,HD 180777,287.2916667,76.5605556,5.11,,,,,27.3,,1.7,,A9V,,7250.0,,
HD 188753A b,1.14,0.1,0.1,,,,3.3481,0.0009,0.0009,0.0446,0.001,0.001,0.0,,,0.000995,,,,,,,,,,,,,,,,3146.81,0.05,0.05,,,,,,,,,,,1,2005,2007-02-22,,,,,,,Controversial,,,,,HD 188753A,298.7416667,41.8713889,7.43,,,,,44.82,,1.06,,K0,,,,
HD 190228 b,65.7,20.4,20.4,,,,1146.0,16.0,16.0,2.0,0.5,0.5,0.5,0.04,0.04,0.030253,4.5,2.1,2.1,,,,,,,,,,,,,,,,,,,,,,,,,,1,2002,2011-01-14,107.0,3.2,3.2,1236.0,25.0,25.0,Controversial,,,,,HD 190228,300.75,28.3066667,7.3,,,,,66.11,-0.24,1.3,3.02,G5IV,10.16,5176.0,,
HD 191760 b,0.29,0.05,0.05,,,,8.64,0.03,0.03,0.09,,,0.04,0.12,0.12,0.000763,,,,,,,,,,,,,,,,,,,,,,,,,,,,,2,2008,2008-11-26,29.0,112.0,112.0,,,,Controversial,,,,,HD 191760,303.3625,-46.2011111,8.27,,,,,118.0,0.29,1.28,1.62,G3IV,4.1,5821.0,,
HD 191760 c,7.2,0.44,0.44,,,,86.83,0.5,0.5,0.42,,,0.5,0.07,0.07,0.003559,,,,,,,,,,,,,,,,,,,,,,,,,,,,,2,2008,2008-11-26,55.0,7.0,7.0,,,,Controversial,,,,,HD 191760,303.3625,-46.2011111,8.27,,,,,118.0,0.29,1.28,1.62,G3IV,4.1,5821.0,,
HD 197083 b,,,,,,,1750.0,250.0,250.0,,,,,,,,,,,,,,,,,,,,,,,,,,,,,,,,,,,,1,2010,2010-11-10,,,,,,,Controversial,,,,,HD 197083,310.6125,-33.3286111,9.2,,,,,80.8,,,,G3V,,,,
HD 203857 b,8.1,,,,,,840.0,,,,,,0.3,,,,,,,,,,,,,,,,,,,,,,,,,,,,,,,,1,2009,2009-03-06,,,,,,,Controversial,,,,,HD 203857,320.95,37.3513889,6.45,,,,,282.0,,,,K5III,,,,
HD 208487 c,0.46,0.1,0.1,,,,908.0,90.0,90.0,1.8,0.1,0.1,0.19,0.1,0.1,0.04,,,,,,,,,,,,,,,,,,,,,,,,,,,,,3,2006,2010-12-24,227.0,50.0,50.0,10605.0,120.0,120.0,Controversial,,,,,HD 208487,329.3291667,-37.7636111,7.48,,,,,45.0,-0.06,1.3,1.15,G2V,3.88,5929.0,,
HD 219542 B b,0.3,,,0.0,,,112.1,,,0.46,,,0.32,,,0.008,,,,,,,,,,,,,,,,1770.6,,,,,,,,,,,,,1,,2005-04-13,51.0,,,,,,Controversial,,,,,HD 219542 B,349.1416667,-1.5841667,8.56,,,,,54.6,0.2,1.06,,G7,7.4,,,
HD 240210 c,3.8,0.0,0.0,,,,994.0,97.0,97.0,2.1,,,0.58,0.35,0.35,0.014685,,,,,,,,,,,,,,,,,,,,,,,,,,,,,3,2010,2010-07-02,326.0,156.0,156.0,,,,Controversial,,,,,HD 240210,347.6208333,57.0294444,8.33,,,,,143.0,-0.18,1.25,,K3III,,4290.0,,
HD 33473A b,7.2,0.3,0.3,,,,2798.0,60.0,60.0,4.17,0.09,0.09,0.07,0.01,0.01,0.077944,,,,,,,,,,,,,,,,,,,,,,,,,,,,,1,2010,2010-12-20,141.0,15.0,15.0,55053.0,93.0,93.0,Controversial,,,,,HD 33473A,77.125,-41.2136111,6.71,,,,,53.5,-0.13,1.23,2.23,G3V,4.4,5740.0,,
HD 38529 d,0.17,0.06,0.06,,,,193.9,2.9,2.9,0.74,0.14,0.14,0.23,0.13,0.13,0.018839,,,,,,,,,,,,,,,,,,,,,,,,,,,,,1,2010,2010-03-02,160.0,9.0,9.0,52578.5,3.3,3.3,Controversial,,,,,HD 38529,86.6416667,1.1680556,5.94,,,,,39.28,0.27,1.48,2.44,G4 IV,3.28,5697.0,,
HD 41248 b,0.0387,0.0132,0.017,,,,18.357,0.066,0.044,0.137,0.011,0.017,0.15,0.11,0.15,,,,,,,,,,,,,,,,,,,,,,,,,,,,,,1,2013,2014-04-25,183.0,180.0,180.0,,,,Controversial,,,,,HD 41248,90.1375,-56.1619,8.82,,,,,52.38,-0.43,0.92,0.78,G2V,2.0,5713.0,,
HD 41248 c,0.0271,0.0205,0.0157,,,,25.648,0.12,0.13,0.172,0.02,0.02,0.0,0.18,0.0,,,,,,,,,,,,,,,,,,,,,,,,,,,,,,1,2013,2014-04-25,180.0,180.0,180.0,,,,Controversial,,,,,HD 41248,90.1375,-56.1619,8.82,,,,,52.38,-0.43,0.92,0.78,G2V,2.0,5713.0,,
HD 43848 b,101.8,15.0,15.0,,,,2371.0,840.0,840.0,3.4,,,0.69,0.1,0.1,0.091768,19.6,8.0,8.0,,,,,,,,,,,,,,,,,,,,,,,,,,1,2008,2011-01-11,229.0,9.0,9.0,3227.0,65.0,65.0,Controversial,,,,,HD 43848,94.1291667,-40.5319444,8.65,,,,,37.05,-0.03,0.89,,G0V,,,,
HD 50499 c,2.0,nan,inf,,,,3100.0,nan,inf,4.0,nan,inf,,,,0.084638,,,,,,,,,,,,,,,,,,,,,,,,,,,,,1,2005,2010-12-29,,,,,,,Controversial,,,,,HD 50499,103.0083333,-33.9155556,7.22,,,,,47.26,0.23,1.27,1.38,G IV,6.0,5902.0,,
HD 5388 b,69.0,20.0,20.0,,,,777.0,4.0,4.0,1.76,,,0.4,0.02,0.02,0.033208,178.3,0.7,0.7,,,,,,,,,,,,,,,,,,,,,,,,,,1,2009,2011-02-16,324.0,4.0,4.0,2454570.0,9.0,9.0,Controversial,,,,,HD 5388,13.7958333,-47.4058333,6.8,,,,,53.0,-0.27,1.21,,F6V,,6297.0,,
HD 68988 c,15.0,5.0,5.0,,,,12700.0,9000.0,9000.0,6.0,1.0,1.0,,,,0.103448,,,,,,,,,,,,,,,,,,,,,,,,,,,,,1,2006,2010-12-30,,,,,,,Controversial,,,,,HD 68988,124.5916667,61.4605556,8.21,,,,,58.0,0.24,1.2,1.14,G0,6.78,5767.0,,
HD 74156 d,0.396,0.02,0.02,,,,336.6,3.6,3.6,1.01,,,0.25,0.11,0.11,0.015644,,,,,,,,,,,,,,,,,,,,,,,,,,,,,1,2007,2010-12-06,166.5,27.4,27.4,678.2,44.2,44.2,Controversial,,,,,HD 74156,130.6041667,4.5780556,7.62,,,,,64.56,0.13,1.24,1.64,G1V,3.7,5960.0,,
HD 89839 b,3.9,0.4,0.4,,,,6600.0,3570.0,3570.0,6.8,2.4,2.4,0.32,0.2,0.2,0.385269,,,,,,,,,,,,,,,,,,,,,,,,,,,,,1,2010,2010-12-20,-22.0,144.0,144.0,60067.0,4954.0,4954.0,Controversial,,,,,HD 89839,155.1708333,-53.6641667,,,,,,17.65,0.04,1.21,1.25,,1.2,6314.0,,
HD 98800B b,1.0,,,,,,,,,5.2,,,0.5,,,,,,,,,,,,,,,,,,,,,,,,,,,,,,,,1,2011,2011-07-06,,,,,,,Controversial,,,,,HD 98800B,170.5208333,-24.7777778,10.0,,,,,,,0.58,,K5,,,,
HIP 11952 b,2.93,0.42,0.42,,,,290.0,16.2,16.2,0.81,0.02,0.02,0.27,0.1,0.1,0.007297,,,,,,,,,,,,,,,,,,,,,,,,,,,,,1,2012,2013-06-17,59.3,2.5,2.5,2455402.0,1.3,1.3,Controversial,,,,,HIP 11952,38.5458333,-12.3841667,9.78,,,,,111.0,-1.9,0.83,1.6,F2V,12.8,6040.0,,
HIP 11952 c,0.78,0.16,0.16,,,,6.95,0.01,0.01,0.07,0.01,0.01,0.35,0.24,0.24,0.000631,,,,,,,,,,,,,,,,,,,,,,,,,,,,,1,2012,2013-06-17,61.2,6.6,6.6,2455029.2,0.04,0.04,Controversial,,,,,HIP 11952,38.5458333,-12.3841667,9.78,,,,,111.0,-1.9,0.83,1.6,F2V,12.8,6040.0,,
HIP 13044 b,1.25,0.05,0.05,,,,16.2,0.3,0.3,0.116,0.001,0.001,0.25,0.05,0.05,0.000165,,,,,,,,,,,,,,,,,,,,,,,,,,,,,1,2010,2013-12-30,219.8,1.8,1.8,5109.78,0.02,0.02,Controversial,,,,,HIP 13044,41.9041667,-36.1075,9.94,,,,,701.0,-2.09,0.8,6.7,F2,9.0,6025.0,,
HIP 21934 b,1.0,inf,nan,,,,1100.0,,,,,,,,,,,,,,,,,,,,,,,,,,,,,,,,,,,,,,1,2010,2010-12-20,,,,,,,Controversial,,,,,HIP 21934,70.7375,-44.1955556,9.9,,,,,34.8,0.025,0.72,0.7,K3,3.9,4674.0,,
HIP 22627 b,0.64,,,,,,,,,,,,,,,,,,,,,,,,,,,,,,,,,,,,,,,,,,,,2,2013,2013-07-23,,,,,,,Controversial,,,,,HIP 22627,73.025,6.4767,11.9,,,,,12.29,0.13,0.36,,M3.5,,,,
HS 0702 b,5.58,1.44,1.44,,,,636.0,60.0,60.0,1.148,0.05,0.05,,,,,,,,,,,,,,,,,,,,,,,,,,,,,,,,,1,2012,2012-02-24,,,,,,,Controversial,,,,,HS 0702,106.7916667,60.6472222,,,15.45,,,,,,,sdB D,,28400.0,,
HU Aqr(AB) b,6.71,,,,,,3278.0,28.0,28.0,4.29,,,0.03,0.04,0.04,,,,,,,,,,,,,,,,,,,,,,,,,,,,,,1,2009,2012-05-22,211.0,40.0,40.0,2449102.92004,2.0,2.0,Controversial,,,,,HU Aqr(AB),316.9916667,-5.2947222,15.0,,,,,,,1.0,,Catac. var.,,,,
HW Vir (AB) c,8.5,0.4,0.4,,,,20000.0,,,12.8,0.2,0.2,,,,0.070718,,,,,,,,,,,,,,,,,,,,,,,,,,,,,1,2008,2012-06-15,,,,,,,Controversial,,,,,HW Vir (AB),191.0833333,-8.6713889,10.9,,,,,181.0,,0.627,,sdB+M,,,,
KH 15D b,10.0,,,,,,,,,7.5,2.5,2.5,,,,,,,,,,,,,,,,,,,,,,,,,,,,,,,,,1,2013,2013-11-27,,,,,,,Controversial,,,,,KH 15D,100.29166667,9.47583335,14.0,,,,,760.0,,,,K5,0.003,,,
KIC 10005758 b,,,,0.59,0.03,0.03,134.47975,0.0006,0.0006,,,,,,,,,,,,,,,,,,,,,,,,,,,,,,,,,,,,1,2012,2012-02-28,,,,,,,Controversial,,,,,KIC 10005758,289.3416667,46.9883333,14.0,,,,,,-0.25,,0.766,,,6015.0,,
KIC 10005758 c,,,,0.34,0.007,0.007,284.0433,0.0022,0.0022,,,,,,,,,,,,,,,,,,,,,,,,,,,,,,,,,,,,1,2012,2012-02-28,,,,,,,Controversial,,,,,KIC 10005758,289.3416667,46.9883333,14.0,,,,,,-0.25,,0.766,,,6015.0,,
KIC 11974540 b,,,,1.11,,,24.67145,,,,,,,,,,88.6,,,54965.861531,,,,,,,,,,,,,,,,,,,,,,,,,1,,2010-07-28,,,,,,,Controversial,,,,,KIC 11974540,297.0083333,50.3722222,13.2,,,,,,,,1.33,,,6507.0,,
KIC 12251650 b,,,,1.27,,,17.7621,,,,,,,,,,88.92,,,54971.658016,,,,,,,,,,,,,,,,,,,,,,,,,1,2010,2010-07-28,,,,,,,Controversial,,,,,KIC 12251650,287.4625,50.975,14.8,,,,,,,,0.77,,,4952.0,,
KIC 1571511 b,,,,1.44,,,14.01769,,,,,,,,,,88.52,,,54968.53184,,,,,,,,,,,,,,,,,,,,,,,,,1,2010,2010-07-28,,,,,,,Controversial,,,,,KIC 1571511,290.9958333,37.1991667,13.4,,,,,,,,,,,5804.0,,
KIC 2437209 b,,,,5.5,1.0,1.0,281.2228,0.0001,0.0017,0.87,0.06,0.06,0.0,,,,89.27,0.39,0.28,,,,,,,,,,,,,,,,,,,557.0,,,,,,,1,2013,2013-10-25,,,,,,,Controversial,,,,,KIC 2437209,290.2083,37.7261,16.8,,,,,,-0.047,1.1,5.3,,,4675.0,,
KIC 3342592 b,,,,1.38,,,17.17909,,,,,,,,,,88.8,,,54969.190274,,,,,,,,,,,,,,,,,,,,,,,,,1,2010,2010-07-28,,,,,,,Controversial,,,,,KIC 3342592,291.5583333,38.4463889,14.9,,,,,,,,,,,5717.0,,
KIC 5372966 b,,,,1.91,,,9.286532,,,,,,,,,,88.49,,,54967.674936,,,,,,,,,,,,,,,,,,,,,,,,,1,2010,2010-07-28,,,,,,,Controversial,,,,,KIC 5372966,294.7458333,40.5338889,15.4,,,,,,,,,,,5464.0,,
KIC 6756669 b,,,,1.63,,,5.852948,,,,,,,,,,87.45,,,54965.857354,,,,,,,,,,,,,,,,,,,,,,,,,1,2010,2010-07-28,,,,,,,Controversial,,,,,KIC 6756669,284.0875,42.2333333,15.3,,,,,,,,,,,5353.0,,
KIC 6805146 b,,,,2.12,,,13.77973,,,,,,,,,,88.65,,,54956.56878,,,,,,,,,,,,,,,,,,,,,,,,,1,2010,2010-07-28,,,,,,,Controversial,,,,,KIC 6805146,298.5916667,42.2063889,13.2,,,,,,,,,,,6214.0,,
KIC 6805414 b,,,,1.67,0.25,0.25,200.249,0.0011,0.0011,0.68,0.04,0.04,0.0,,,,89.58,0.17,0.17,,,,,,,,,,,,,,,,,,,464.0,,,,,,,1,2013,2013-10-25,,,,,,,Controversial,,,,,KIC 6805414,298.645833345,42.285833341,15.8,,,,,,-0.08,1.06,1.64,,,5677.0,,
KIC 8544996 b,,,,0.91,,,4.081793,,,,,,,,,,85.55,,,54965.897678,,,,,,,,,,,,,,,,,,,,,,,,,1,2010,2010-07-28,,,,,,,Controversial,,,,,KIC 8544996,284.8291667,44.6580556,15.2,,,,,,,,,,,5463.0,,
KOI-191 b,15.0,inf,nan,1.06,0.13,0.13,15.359,0.0004,0.0004,,,,,,,,,,,2454965.3847,0.0004,0.0004,,,,,,,,,,,,,,,,,,,,,,,1,2010,2012-05-21,,,,,,,Controversial,,,,,KOI-191,295.2875,41.2219444,14.8,,,,,,0.0,0.9,,G,,5500.0,,
KOI-191 c,0.057,inf,nan,0.18,0.012,0.012,2.42,0.0006,0.0006,,,,,,,,,,,2454965.5,0.16,0.16,,,,,,,,,,,,,,,,,,,,,,,1,2010,2012-05-21,,,,,,,Controversial,,,,,KOI-191,295.2875,41.2219444,14.8,,,,,,0.0,0.9,,G,,5500.0,,
KOI-209 b,15.0,inf,nan,1.05,0.12,0.12,29.0,nan,inf,,,,,,,,,,,2454968.635,0.0036,0.0036,,,,,,,,,,,,,,,,,,,,,,,1,2010,2012-05-21,,,,,,,Controversial,,,,,KOI-209,288.7916667,48.0402778,14.3,,,,,,-0.05,1.0,,,,6100.0,,
KOI-209 c,0.47,inf,nan,0.68,0.023,0.023,18.801,0.0087,0.0087,,,,,,,,,,,2454978.822,0.0046,0.0046,,,,,,,,,,,,,,,,,,,,,,,1,2010,2012-05-21,,,,,,,Controversial,,,,,KOI-209,288.7916667,48.0402778,14.3,,,,,,-0.05,1.0,,,,6100.0,,
KOI-410 b,3.5,inf,nan,1.07,,,7.217,,,0.08,,,,,,,,,,,,,,,,,,,,,,,,,,,,,,,,,,,1,2011,2011-06-17,,,,,,,Controversial,,,,,KOI-410,292.25,40.6961111,15.5,,,,,,-0.4,,1.12,,,5958.0,,
KOI-74 b,264.0,26.0,26.0,0.4,0.02,0.02,5.188754,8.3e-05,8.3e-05,0.074,,,0.0,,,7.4e-05,88.8,0.5,0.5,2454958.87995,0.00036,0.00036,,,,,,,,,,,,,,,,,,,,,,,1,2010,2010-09-13,,,,,,,Controversial,,,,,KOI-74,298.325,42.3886111,,,,,,1000.0,,2.22,1.899,A1V,,9400.0,,
KOI-877 b,0.13,inf,nan,0.23,0.02,0.02,5.952,0.0024,0.0024,,,,,,,,,,,2455003.952,0.0028,0.0028,,,,,,,,,,,,,,,,,,,,,,,1,2010,2012-05-21,,,,,,,Controversial,,,,,KOI-877,293.6375,42.825,15.0,,,,,,0.0,1.0,,K,,4500.0,,
KOI-877 c,0.078,inf,nan,0.21,0.02,0.02,12.039,0.0077,0.0077,,,,,,,,,,,2455014.227,0.0051,0.0051,,,,,,,,,,,,,,,,,,,,,,,1,2010,2012-05-21,,,,,,,Controversial,,,,,KOI-877,293.6375,42.825,15.0,,,,,,0.0,1.0,,K,,4500.0,,
KOI-896 b,0.13,inf,nan,0.38,0.019,0.019,16.242,0.0075,0.0075,,,,,,,,,,,2455008.568,0.0024,0.0024,,,,,,,,,,,,,,,,,,,,,,,1,2010,2012-05-21,,,,,,,Controversial,,,,,KOI-896,293.0625,43.5813889,15.2,,,,,,0.0,0.8,,,,5000.0,,
KOI-896 c,0.094,inf,nan,0.28,0.016,0.016,6.311,0.0024,0.0024,,,,,,,,,,,2455007.051,0.0028,0.0028,,,,,,,,,,,,,,,,,,,,,,,1,2010,2012-05-21,,,,,,,Controversial,,,,,KOI-896,293.0625,43.5813889,15.2,,,,,,0.0,0.8,,,,5000.0,,
Kepler-19 c,6.0,inf,nan,,,,160.0,inf,nan,,,,,,,,,,,,,,,,,,,,,,,,,,,,,,,,,,,,1,2011,2013-04-25,,,,,,,Controversial,,,,,Kepler-19,290.4208333,37.8516667,12.0,,,,,,-0.13,0.936,0.85,,1.9,5541.0,,
Kepler-23 d,,,,0.2,,,15.275,,,0.125,,,,,,,,,,2454980.5655,,,,,,,,,,,,,,,,,,,,,,,,,1,2012,2012-01-30,,,,,,,Controversial,,,,,Kepler-23,294.2166667,49.4791667,14.0,,,,,,,1.11,1.52,,,5760.0,,
Kepler-24 d,,,,0.15,,,18.9981,,,0.141,,,,,,,,,,2454977.7512,,,,,,,,,,,,,,,,,,,,,,,,,1,2012,2012-01-30,,,,,,,Controversial,,,,,Kepler-24,290.4125,38.3438889,15.5,,,,,,,1.03,1.07,,,5800.0,,
Kepler-24 e,,,,0.15,,,4.2443,,,0.052,,,,,,,,,,2454970.0712,,,,,,,,,,,,,,,,,,,,,,,,,1,2012,2012-01-30,,,,,,,Controversial,,,,,Kepler-24,290.4125,38.3438889,15.5,,,,,,,1.03,1.07,,,5800.0,,
Kepler-26 d,,,,0.12,,,3.5438,,,0.037,,,,,,,,,,2454969.2705,,,,,,,,,,,,,,,,,,,,,,,,,1,2012,2012-01-30,,,,,,,Controversial,,,,,Kepler-26,284.9416667,46.5666667,16.0,,,,,,-0.21,0.65,0.59,,,4500.0,,
Kepler-32 d,,,,0.44,0.04,0.04,22.7802,0.005,0.005,0.13,,,,,,,,,,2454988.211,0.011,0.011,,,,,,,,,,,,,,,,,,,,,,,1,2012,2012-01-30,,,,,,,Controversial,,,,,Kepler-32,297.8416667,46.5741667,16.0,,,,,,0.0,0.58,0.53,,,3900.0,,
Kepler-32 e,,,,0.24,,,2.896,0.0003,0.0003,0.033,,,,,,,,,,2454966.61,0.03,0.03,,,,,,,,,,,,,,,,,,,,,,,1,2012,2012-01-30,,,,,,,Controversial,,,,,Kepler-32,297.8416667,46.5741667,16.0,,,,,,0.0,0.58,0.53,,,3900.0,,
Kepler-32 f,,,,0.13,0.01,0.01,0.74296,7e-05,7e-05,0.013,,,,,,,,,,24549.05,,,,,,,,,,,,,,,,,,,,,,,,,1,2012,2012-01-30,,,,,,,Controversial,,,,,Kepler-32,297.8416667,46.5741667,16.0,,,,,,0.0,0.58,0.53,,,3900.0,,
Kepler-46 d,,,,0.1513,0.0089,0.0089,6.76671,0.00013,0.00013,0.068,0.003,0.003,0.0,,,7.9e-05,88.56,0.69,0.69,2455255.2603,0.0032,0.0032,,,,,,,,,,,,,,,,,,,,,,,1,2012,2013-11-05,,,,,,,Controversial,,,,,Kepler-46,289.2708333,42.6041667,15.3,,,,,857.0,0.41,0.902,0.94,,9.9,5155.0,,
Kepler-47(AB) d,,,,,,,186.0,,,,,,,,,,,,,,,,,,,,,,,,,,,,,,,,,,,,,,1,2013,2013-11-14,,,,,,,Controversial,,,,,Kepler-47A,295.2979,46.92,,,,,,,,1.043,0.964,,,5636.0,,
LHS 6343 (AC) b,0.3,0.2,0.7,,,,73.0,30.0,30.0,,,,,,,,,,,,,,,,,,,,,,,,,,,,,,,,,,,,1,2011,2011-09-29,,,,,,,Controversial,,,,,LHS 6343 (AC),287.5583333,46.9572222,13.88,,10.1,9.51,,36.6,,0.37,0.378,M,,3130.0,,
LUH (AB) b,30.0,0.0,30.0,,,,,,,,,,,,,,,,,,,,,,,,,,,,,,,,,,,,,,,,,,1,2013,2014-01-16,,,,,,,Controversial,,,,,LUH 16A,162.329166673,-52.680555547,23.0,15.0,,,,2.02,,,,L7.5,,,,
Lupus-TR-3 b,0.81,0.18,0.18,0.89,0.07,0.07,3.91405,4e-05,4e-05,0.0464,0.0007,0.0007,0.0,,,,88.3,0.8,0.8,2453887.0818,,,,,,,,,,,,,,,,,,,,,,,,,1,2007,2011-06-09,,,,,,,Controversial,,,,,Lupus-TR-3,232.5791667,-42.9794444,17.4,,,,,,,0.87,0.82,K1V,,5000.0,,
MOA-2010-BLG-073Lb,11.0,2.0,2.0,,,,,,,1.21,0.16,0.16,,,,,,,,,,,,,,,,,,,,,,,,,,,,,,,,,1,2012,2012-11-27,,,,,,,Controversial,,,,,  MOA-2010-BLG-073L,272.5458,-26.5231,,,,,,2800.0,,0.16,,M,,,,
NGC 6440 X2 b,6.7,,,,,,0.03979,0.004,0.004,0.00255,,,0.07,,,,,,,,,,,,,,,,,,,,,,,,,,,,,,,,1,2009,2009-11-09,,,,,,,Controversial,,,,,NGC 6440 X2,267.2166667,-20.3586111,,,,,,,,,,X-ray source,,,,
NSVS 1425 (AB)  b,2.8,0.3,0.3,,,,1276.0,77.0,77.0,1.9,0.3,0.3,0.0,0.08,0.08,,,,,,,,,,,,,,,,,,,,,,,,,,,,,,1,2012,2013-02-19,11.4,7.0,7.0,,,,Controversial,,,,,NSVS 1425 (AB),305.0,4.6325,13.2,,,,,,,0.528,,sdOB+dM,,42000.0,,
NSVS 1425 (AB) c,8.0,0.8,0.8,,,,2506.0,91.0,91.0,2.9,0.6,0.6,0.52,0.06,0.06,,,,,,,,,,,,,,,,,,,,,,,,,,,,,,1,2012,2013-02-19,97.5,8.0,8.0,,,,Controversial,,,,,NSVS 1425 (AB),305.0,4.6325,13.2,,,,,,,0.528,,sdOB+dM,,42000.0,,
OGLE-2008-BLG-513 MOA-2008-BLG-401 b,6.8,2.3,2.3,,,,,,,4.0,2.4,2.4,,,,,,,,,,,,,,,,,,,,,,,,,,,,,,,,,1,2011,2014-01-22,,,,,,,Controversial,,,,,OGLE-2008-BLG-513/MOA-2008-BLG-401,272.7125,-29.6780556,,,,,,,,0.25,,,,,,
OGLE-TR-109 b,14.0,8.0,8.0,0.9,0.09,0.09,0.589128,,,0.016,0.001,0.001,,,,6e-06,77.0,5.0,5.0,2452322.55993,0.001,0.001,,,,,,,,,,,,,,,,,,,,,,,1,2002,2009-10-27,,,,,,,Controversial,,,,,OGLE-TR-109,163.4208333,-61.4208333,15.8,,,,,2590.0,,,1.5,,,,,
OGLE-TR-123 b,,,,0.41,0.03,0.03,1.8038,,,,,,,,,,,,,324.97937,,,,,,,,,,,,,,,,,,,,,,,,,1,2010,2010-04-28,,,,,,,Controversial,,,,,OGLE-TR-123,166.7125,-61.1861111,18.69,15.4,,,,500.0,,,0.49,M/K,,3670.0,,
OGLE-TR-173 b,,,,0.43,0.05,0.05,2.6059,,,,,,,,,,,,,698.87378,,,,,,,,,,,,,,,,,,,,,,,,,1,2010,2010-04-28,,,,,,,Controversial,,,,,OGLE-TR-173,198.7333333,-65.0333333,16.96,14.89,,,,100.0,,,0.33,M/K,,2850.0,,
OGLE-TR-3 b,0.5,,,1.4,,,1.1899,,,0.025,,,,,,,90.0,,,,,,,,,,,,,,,2060.22765,,,,,,,,,,,,,1,,2005-04-12,,,,,,,Controversial,,,,,OGLE-TR-3,267.95,-30.2236111,16.6,15.567,,,,3000.0,,1.0,,G,,,,
OGLE-TR-61 b,,,,0.6,0.06,0.06,4.268,,,,,,,,,,,,,2452076.62809,,,,,,,,,,,,,,,,,,,,,,,,,1,2010,2010-04-28,,,,,,,Controversial,,,,,OGLE-TR-61,167.1708333,-61.1330556,18.17,16.26,,,,250.0,,,0.37,M/K,,3050.0,,
OGLE-TR-74 b,,,,0.63,0.06,0.06,1.58511,,,,,,,,,,,,,2452076.33895,,,,,,,,,,,,,,,,,,,,,,,,,1,2010,2010-04-28,,,,,,,Controversial,,,,,OGLE-TR-74,166.5458333,-61.2480556,17.74,15.87,,,,250.0,,,0.39,M/K,,3150.0,,
PA-99-N2 b,6.34,,,,,,,,,,,,,,,,,,,,,,,,,,,,,,,,,,,,,,,,,,,,1,2009,2009-06-16,,,,,,,Controversial,,,,,PA-99-N2,0.0,0.0,,,,,,670000.0,,0.5,,,,,,
PSR B1828-11 b,6e-06,0.0,2.0,0.0014,0.0,0.0,,,,,,,,,,,,,,,,,,,,,,,,,,,,,,,,,,,,,,,1,2007,2007-10-09,,,,,,,Controversial,,,,,PSR B1828-11,277.7,-10.9863889,,,,,,,,,,,,,,
PTFO 8-8695 b,5.5,1.4,1.4,1.91,0.21,0.21,0.448413,4e-05,4e-05,0.00838,0.00072,0.00072,,,,2.5e-05,61.8,3.7,3.7,2455543.9402,,,,,,,,,,,,,,,,,,,,,,,,,1,2012,2013-08-06,,,,,,,Controversial,,,,,PTFO 8-8695,81.2833333,1.5733333,16.26,,,,,330.0,,0.39,1.39,M3 PMS,0.00265,3740.0,,
QS Vir b,6.4,,,,,,2869.0,,,4.2,,,,,,,,,,,,,,,,,,,,,,,,,,,,,,,,,,,1,2009,2013-08-05,,,,,,,Controversial,,,,,QS Vir,207.4666667,-13.2272222,14.8,,,,,,,,,DA+dme,,,,
Qatar-2 c,8.4,0.0,0.0,,,,332.0,0.0,0.0,,,,0.09,0.0,0.0,,,,,,,,,,,,,,,,,,,,,,,,,,,,,,3,2011,2011-10-28,,,,,,,Controversial,,,,,Qatar-2,207.6541667,-6.8038889,13.3,,,,,,0.0,0.74,0.713,K,,4645.0,,
ROXs 42B c,,,,,,,,,,65.0,,,,,,,,,,,,,,,,,,,,,,,,,,,,,,,,,,,1,2013,2013-11-16,,,,,,,Controversial,,,,,ROXs 42B,247.8125,-24.5456,14.27,,,,,135.0,,0.6,,M0 D,0.002,2200.0,,
SCR 1845 b,45.0,20.0,20.0,0.7,0.1,0.1,,,,4.5,nan,inf,,,,1.168831,,,,,,,,,,,,,,,,,,,,,,,,,,,,,1,2006,2012-04-13,,,,,,,Controversial,,,,,SCR 1845,281.2791667,-63.9619444,17.4,,,,,3.85,,,,M8.5 V,0.1,,,
SDSS 141624 b,15.0,5.0,10.0,,,,,,,75.0,0.0,0.0,,,,9.493671,,,,,,,,,,,,,,,,,,,,,,,,,,,,,2,2010,2010-01-18,,,,,,,Controversial,,,,,SDSS 141624,244.1041667,13.8072222,,13.0,,,,7.9,,,,,3.0,,,
SSTc2d J183027.89+011452,3.0,1.0,1.0,,,,,,,,,,,,,,,,,,,,,,,,,,,,,,,,,,,,,,,,,,1,2012,2012-08-06,,,,,,,Controversial,,,,,SSTc2d J183027.89+011452,277.6167,1.2478,,,19.38,,,,,0.003,,T3-T4,,1325.0,,
SSTc2d J183037.24+011838,3.0,1.0,1.0,,,,,,,,,,,,,,,,,,,,,,,,,,,,,,,,,,,,,,,,,,1,2012,2012-08-06,,,,,,,Controversial,,,,,SSTc2d J183037.24+011838,277.6542,1.3106,,,19.71,,,,,0.003,,T1-T3,,1375.0,,
SWEEPS-01 ,,,,1.01,0.13,0.13,1.56,,,0.025,,,,,,3e-06,86.0,nan,inf,,,,,,,,,,,,,,,,,,,,,,,,,,1,2006,2007-04-20,,,,,,,Controversial,,,,,SWEEPS-01,269.7208333,-29.2094444,22.2,,,,,8500.0,,0.81,0.75,,,,,
SWEEPS-02 ,,,,1.37,0.25,0.25,0.912,,,0.015,,,,,,2e-06,86.0,nan,inf,,,,,,,,,,,,,,,,,,,,,,,,,,1,2006,2006-10-07,,,,,,,Controversial,,,,,SWEEPS-02,269.7208333,-29.205,25.1,,,,,8500.0,,0.55,0.5,,,,,
SWEEPS-03 ,,,,0.87,0.11,0.11,1.27,,,0.021,,,,,,2e-06,86.0,nan,inf,,,,,,,,,,,,,,,,,,,,,,,,,,1,2006,2006-10-07,,,,,,,Controversial,,,,,SWEEPS-03,269.725,-29.1955556,22.5,,,,,8500.0,,0.79,0.72,,,,,
SWEEPS-05 ,,,,1.09,0.1,0.1,2.313,,,0.03,,,,,,4e-06,87.0,nan,inf,,,,,,,,,,,,,,,,,,,,,,,,,,1,2006,2006-10-07,,,,,,,Controversial,,,,,SWEEPS-05,269.7291667,-29.1911111,23.9,,,,,8500.0,,0.66,0.61,,,,,
SWEEPS-06 ,,,,0.82,0.21,0.21,3.039,,,0.042,,,,,,5e-06,86.0,nan,inf,,,,,,,,,,,,,,,,,,,,,,,,,,1,2006,2006-10-07,,,,,,,Controversial,,,,,SWEEPS-06,269.7375,-29.2147222,19.4,,,,,8500.0,,1.09,1.36,,,,,
SWEEPS-07 ,,,,0.9,0.11,0.11,1.747,,,0.027,,,,,,3e-06,86.0,nan,inf,,,,,,,,,,,,,,,,,,,,,,,,,,1,2006,2006-10-07,,,,,,,Controversial,,,,,SWEEPS-07,269.7416667,-29.1875,21.4,,,,,8500.0,,1.09,1.36,,,,,
SWEEPS-08 ,,,,0.98,0.09,0.09,0.868,,,0.017,,,,,,2e-06,84.0,nan,inf,,,,,,,,,,,,,,,,,,,,,,,,,,1,2006,2006-10-07,,,,,,,Controversial,,,,,SWEEPS-08,269.7458333,-29.2247222,21.7,,,,,8500.0,,0.87,0.81,,,,,
SWEEPS-09 ,,,,1.01,0.12,0.12,1.617,,,0.025,,,,,,3e-06,86.0,nan,inf,,,,,,,,,,,,,,,,,,,,,,,,,,1,2006,2006-10-07,,,,,,,Controversial,,,,,SWEEPS-09,269.75,-29.2033333,22.4,,,,,8500.0,,0.79,0.73,,,,,
SWEEPS-10 ,,,,1.24,0.23,0.23,0.424,,,0.008,,,,,,1e-06,84.0,nan,inf,,,,,,,,,,,,,,,,,,,,,,,,,,1,2006,2006-10-07,,,,,,,Controversial,,,,,SWEEPS-10,269.7583333,-29.2227778,23.4,,,,,8500.0,,0.44,0.41,,,,,
SWEEPS-12 ,,,,0.91,0.11,0.11,2.952,,,0.038,,,,,,4e-06,87.0,nan,inf,,,,,,,,,,,,,,,,,,,,,,,,,,1,2006,2006-10-07,,,,,,,Controversial,,,,,SWEEPS-12,269.7666667,-29.2213889,21.8,,,,,8500.0,,0.86,0.8,,,,,
SWEEPS-13 ,,,,0.78,0.12,0.12,1.684,,,0.027,,,,,,3e-06,86.0,nan,inf,,,,,,,,,,,,,,,,,,,,,,,,,,1,2006,2006-10-07,,,,,,,Controversial,,,,,SWEEPS-13,269.775,-29.2183333,21.38,,,,,8500.0,,0.91,0.86,,,,,
SWEEPS-14 ,,,,0.93,0.09,0.09,2.965,,,0.037,,,,,,4e-06,87.0,nan,inf,,,,,,,,,,,,,,,,,,,,,,,,,,1,2006,2006-10-07,,,,,,,Controversial,,,,,SWEEPS-14,269.7833333,-29.1777778,22.38,,,,,8500.0,,0.8,0.73,,,,,
SWEEPS-15 ,,,,1.37,0.3,0.3,0.541,,,0.01,,,,,,1e-06,84.0,nan,inf,,,,,,,,,,,,,,,,,,,,,,,,,,1,2006,2006-10-07,,,,,,,Controversial,,,,,SWEEPS-15,269.7833333,-29.1733333,25.66,,,,,8500.0,,0.49,0.45,,,,,
SWEEPS-16 ,,,,1.4,0.18,0.18,0.969,,,0.017,,,,,,2e-06,85.0,nan,inf,,,,,,,,,,,,,,,,,,,,,,,,,,1,2006,2006-10-07,,,,,,,Controversial,,,,,SWEEPS-16,269.7833333,-29.1947222,23.78,,,,,8500.0,,0.68,0.62,,,,,
SWIFT J1756-2508,19.0,11.0,11.0,,,,0.0339873,4.4e-06,4.4e-06,,,,,,,,,,,,,,,,,,,,,,,,,,,,,,,,,,,,1,2007,2014-01-30,,,,,,,Controversial,,,,,SWIFT J1756-2508,269.237500019,25.107777786,,,,,,8000.0,,1.8,,X-ray Pulsar,,,,
T Cha b,,,,,,,,,,6.7,1.0,1.0,,,,0.062037,,,,,,,,,,,,,,,,,,,,,,,,,,,,,1,2011,2011-02-18,,,,,,,Controversial,,,,,T Cha,0.0,0.0,11.06,,,,,108.0,,,,K0,0.007,,,
TW Hya b,1.2,0.4,0.4,,,,3.56,0.02,0.02,0.041,0.002,0.002,0.04,0.03,0.03,0.000759,7.0,1.0,1.0,,,,,,,,,,,,,,,,,,,,,,,,,,1,2007,2008-08-23,105.0,27.0,27.0,,,,Controversial,,,,,TW Hya,165.4666667,-34.7047222,11.1,9.18,8.22,7.56,7.3,54.0,,0.7,1.08,K8V,0.009,3600.0,,
TW Hya c,17.0,11.0,11.0,,,,,,,80.0,,,,,,,,,,,,,,,,,,,,,,,,,,,,,,,,,,,1,2013,2013-06-14,,,,,,,Controversial,,,,,TW Hya,165.4666667,-34.7047222,11.1,9.18,8.22,7.56,7.3,54.0,,0.7,1.08,K8V,0.009,3600.0,,
TYC 2627A b,5.0,inf,nan,,,,1.59,,,,,,,,,,,,,,,,,,,,,,,,,,,,,,,,,,,,,,1,2010,2011-09-06,,,,,,,Controversial,,,,,TYC 2627A,275.0208333,31.9622222,10.9,,,,,218.0,0.0,1.25,1.25,G0,0.025,5900.0,,
UZ For(ab) c,6.3,1.4,1.4,,,,5800.0,1100.0,1100.0,5.9,1.4,1.4,0.04,0.05,0.05,,80.0,,,,,,,,,,,,,,,,,,,,,,,,,,,,1,2010,2014-01-28,,,,,,,Controversial,,,,,UZ For(ab),53.8708333,-25.7394444,18.2,,,,,,,0.84,,Catac. var.,,,,
VB 10 b,6.4,3.1,2.6,,,,271.56,3.0,3.0,0.36,0.006,0.006,0.98,inf,nan,0.06175,96.9,1.8,1.8,,,,,,,,,,,,,,,,,,,,,,,,,,1,2009,2009-12-18,38.7,3.3,3.3,,,,Controversial,,,,,VB 10,289.2416667,5.1505556,17.3,,9.91,9.23,8.77,5.83,,0.0779,,M8V,,,,
W 3(OH) b,,,,,,,,,,2000.0,,,,,,0.667,,,,,,,,,,,,,,,,,,,,,,,,,,,,,1,,2005-04-12,,,,,,,Controversial,,,,,W 3(OH),36.7666667,61.8727778,,,,,,3000.0,,,,O8,,,,
WASP-10 c,0.1,,,,,,5.23,,,,,,,,,,,,,,,,,,,,,,,,,,,,,,,,,,,,,,1,2010,2010-09-24,,,,,,,Controversial,,,,,WASP-10,348.9916667,31.4627778,12.7,,,,,90.0,0.03,0.71,0.783,K5,0.8,4675.0,,
WASP-12 c,0.098,0.009,0.009,,,,,,,0.0507,0.001,0.001,0.284,0.002,0.002,,,,,,,,,,,,,,,,,,,,,,,,,,,,,,1,2013,2013-01-28,223.8,2.5,2.5,,,,Controversial,,,,,WASP-12,97.6375,29.6722222,11.69,11.03,10.48,10.23,10.19,427.0,0.3,1.35,1.599,G0,1.7,6300.0,,
WASP-3 c,0.05,,,,,,3.75,0.03,0.03,0.051,,,,,,0.000229,,,,,,,,,,,,,,,,,,,,,,,,,,,,,1,2010,2012-11-02,,,,,,,Controversial,,,,,WASP-3,278.6333333,35.6616667,10.64,,,,,223.0,0.0,1.24,1.31,F7V,,6400.0,,
WASP-9 b,2.3,,,1.3,,,1.99,,,0.0311,,,,,,0.000207,,,,,,,,,,,,,,,,,,,,,,,,,,,,,3,2008,2011-11-29,,,,,,,Controversial,,,,,WASP-9,0.0,0.0,10.2,,,,,150.0,,,,G0,,5900.0,,
XO-2 c,,,,,,,,,,,,,,,,,,,,,,,,,,,,,,,,,,,,,,,,,,,,,1,2011,2014-05-30,,,,,,,Controversial,,,,,XO-2,117.0291667,50.2258333,11.18,,,,,149.0,0.45,0.98,0.964,K0V,2.0,5340.0,,
Z Cha(ab) c,20.0,,,,,,12000.0,70.0,70.0,9.9,,,0.0,,,,81.78,,,,,,,,,,,,,,,,,,,,,,,,,,,,1,2009,2011-02-09,,,,,,,Controversial,,,,,Z Cha(ab),121.8666667,-76.5336111,15.5,,,,,,,0.965,,Nova,,,,
alf Per b,6.6,0.2,0.2,,,,128.2,0.1,0.1,0.97,,,0.1,0.04,0.04,0.006218,,,,,,,,,,,,,,,,,,,,,,,,,,,,,1,2012,2012-05-22,208.37,12.36,12.36,2451513.0,4.91,4.91,Controversial,,,,,alf Per,51.0791667,49.8611111,1.82,,,,,156.0,-0.07,7.3,55.0,F5Ib,0.041,6350.0,,
anonymous b,1.7,,,,,,157.57,,,0.77,,,0.085,,,,,,,,,,,,,,,,,,,,,,,,,,,,,,,,3,2011,2011-01-24,,,,,,,Controversial,,,,,anonymous,0.0,0.0,,,,,,,0.15,2.4,,G,,4861.0,,
eps Eridani c,0.1,,,,,,102270.0,,,40.0,inf,inf,0.3,,,12.5,,,,,,,,,,,,,,,,-869.74,,,,,,,,,,,,,1,,2012-09-07,,,,,,,Controversial,,,,,eps Eridani,53.2291667,-9.4580556,3.73,,,,,3.2,-0.13,0.83,0.895,K2 V,0.66,5116.0,,
nu Oct b,2.5,,,,,,418.0,,,1.2,0.1,0.1,0.123,0.037,0.037,0.056604,71.0,,,,,,,,,,,,,,,,,,,,,,,,,,,,1,2009,2010-09-14,,,,,,,Controversial,,,,,nu Oct,325.3708333,-77.39,3.76,,,,,21.2,,1.4,,K1III,,,,
rho CrB b,1.04,,,,,,39.645,0.088,0.088,0.22,,,0.028,0.04,0.04,0.012622,0.4,0.0,0.0,,,,,,,,,,,,,,,,,,,,,,,,,,1,1997,2011-01-11,30.0,74.0,74.0,2450559.37,0.54,0.54,Controversial,,,,,rho CrB,240.2625,33.3141667,5.4,,,,,17.43,-0.24,0.99,1.284,G0V or G2V,9.0,5822.0,,
tau Cet b,0.0063,0.0025,0.0025,,,,13.965,0.02,0.02,0.105,0.006,0.006,0.16,0.22,0.16,,,,,,,,,,,,,,,,,,,,,,,,,,,,,,1,2012,2013-01-16,85.5,,,2450004.17,,,Controversial,,,,,tau Cet,26.0167,-15.9375,3.5,,,,,3.65,-0.55,0.783,0.793,G8.5 V,5.8,5344.0,,
tau Cet c,0.0098,0.0044,0.0044,,,,35.362,0.1,0.1,0.195,0.01,0.01,0.03,0.3,0.03,,,,,,,,,,,,,,,,,,,,,,,,,,,,,,1,2012,2013-01-16,170.0,,,2450020.62,,,Controversial,,,,,tau Cet,26.0167,-15.9375,3.5,,,,,3.65,-0.55,0.783,0.793,G8.5 V,5.8,5344.0,,
tau Cet d,0.011,0.005,0.005,,,,94.11,0.7,0.7,0.374,0.02,0.02,0.08,0.26,0.08,,,,,,,,,,,,,,,,,,,,,,,,,,,,,,1,2012,2013-01-16,228.0,,,245002.31,,,Controversial,,,,,tau Cet,26.0167,-15.9375,3.5,,,,,3.65,-0.55,0.783,0.793,G8.5 V,5.8,5344.0,,
tau Cet e,0.0135,0.0063,0.0063,,,,168.12,2.0,2.0,0.552,0.02,0.02,0.05,0.2,0.05,,,,,,,,,,,,,,,,,,,,,,,,,,,,,,1,2012,2013-01-16,313.5,,,2450037.42,,,Controversial,,,,,tau Cet,26.0167,-15.9375,3.5,,,,,3.65,-0.55,0.783,0.793,G8.5 V,5.8,5344.0,,
tau Cet f,0.021,0.011,0.011,,,,642.0,30.0,30.0,1.35,0.1,0.1,0.03,0.3,0.03,,,,,,,,,,,,,,,,,,,,,,,,,,,,,,1,2012,2013-01-16,222.0,,,2450168.49,,,Controversial,,,,,tau Cet,26.0167,-15.9375,3.5,,,,,3.65,-0.55,0.783,0.793,G8.5 V,5.8,5344.0,,
theta Cyg b,2.29,0.4,0.4,,,,154.5,,,0.63,,,0.0,,,0.03437,,,,,,,,,,,,,,,,2450154.5,0.4,0.4,,,,,,,,,,,1,2009,2012-08-21,,,,,,,Controversial,,,,,theta Cyg,294.1125,50.2211111,4.48,,,,,18.33,-0.08,1.38,,F4V,1.5,6745.0,,
